day,time,rank,forgo none floor,forgo none u,forgo one floor,forgo one u,forgo two floor,forgo two u,forgo three floor,forgo three u
Monday,10:30 AM,"{'Close to Food': 4, 'Quietness': 1, 'Natural Light': 5, 'Close to Outlet': 2, 'Working Alone': 3}",First,1.911,Basement,1.6,Third,1.118,Basement,2.909
Monday,1:30 PM,"{'Close to Food': 4, 'Quietness': 1, 'Natural Light': 5, 'Close to Outlet': 2, 'Working Alone': 3}",First,1.771,First,1.391,Third,0.942,Basement,2.182
Monday,4:30 PM,"{'Close to Food': 4, 'Quietness': 1, 'Natural Light': 5, 'Close to Outlet': 2, 'Working Alone': 3}",First,0.979,First,0.769,Fourth,0.556,First,1.129
Monday,7:30 PM,"{'Close to Food': 4, 'Quietness': 1, 'Natural Light': 5, 'Close to Outlet': 2, 'Working Alone': 3}",First,1.398,First,1.098,Fourth,0.687,Basement,1.939
Monday,10:30 PM,"{'Close to Food': 4, 'Quietness': 1, 'Natural Light': 5, 'Close to Outlet': 2, 'Working Alone': 3}",Basement,1.359,Basement,1.533,Basement,0.906,Basement,2.788
Tuesday,10:30 AM,"{'Close to Food': 4, 'Quietness': 1, 'Natural Light': 5, 'Close to Outlet': 2, 'Working Alone': 3}",First,2.097,First,1.647,Third,0.921,First,2.419
Tuesday,1:30 PM,"{'Close to Food': 4, 'Quietness': 1, 'Natural Light': 5, 'Close to Outlet': 2, 'Working Alone': 3}",First,1.398,First,1.098,Third,0.658,Basement,1.818
Tuesday,4:30 PM,"{'Close to Food': 4, 'Quietness': 1, 'Natural Light': 5, 'Close to Outlet': 2, 'Working Alone': 3}",Basement,0.827,Basement,0.933,Basement,0.552,Basement,1.697
Tuesday,7:30 PM,"{'Close to Food': 4, 'Quietness': 1, 'Natural Light': 5, 'Close to Outlet': 2, 'Working Alone': 3}",Basement,1.064,Basement,1.2,Basement,0.709,Basement,2.182
Tuesday,10:30 PM,"{'Close to Food': 4, 'Quietness': 1, 'Natural Light': 5, 'Close to Outlet': 2, 'Working Alone': 3}",First,1.538,First,1.208,Third,0.855,Basement,2.061
Wednesday,10:30 AM,"{'Close to Food': 4, 'Quietness': 1, 'Natural Light': 5, 'Close to Outlet': 2, 'Working Alone': 3}",Third,1.775,Basement,1.867,Fourth,1.407,Basement,3.394
Wednesday,1:30 PM,"{'Close to Food': 4, 'Quietness': 1, 'Natural Light': 5, 'Close to Outlet': 2, 'Working Alone': 3}",First,1.491,First,1.171,Third,0.833,First,1.72
Wednesday,4:30 PM,"{'Close to Food': 4, 'Quietness': 1, 'Natural Light': 5, 'Close to Outlet': 2, 'Working Alone': 3}",Basement,1.005,Basement,1.133,Basement,0.67,Basement,2.061
Wednesday,7:30 PM,"{'Close to Food': 4, 'Quietness': 1, 'Natural Light': 5, 'Close to Outlet': 2, 'Working Alone': 3}",Third,1.165,Second,1.052,Third,0.921,Second,1.717
Wednesday,10:30 PM,"{'Close to Food': 4, 'Quietness': 1, 'Natural Light': 5, 'Close to Outlet': 2, 'Working Alone': 3}",Third,1.221,Basement,1.2,Third,0.964,Basement,2.182
Thursday,10:30 AM,"{'Close to Food': 4, 'Quietness': 1, 'Natural Light': 5, 'Close to Outlet': 2, 'Working Alone': 3}",First,1.818,First,1.428,Third,1.205,Basement,2.545
Thursday,1:30 PM,"{'Close to Food': 4, 'Quietness': 1, 'Natural Light': 5, 'Close to Outlet': 2, 'Working Alone': 3}",Third,1.054,Basement,1.0,Third,0.833,Basement,1.818
Thursday,4:30 PM,"{'Close to Food': 4, 'Quietness': 1, 'Natural Light': 5, 'Close to Outlet': 2, 'Working Alone': 3}",Basement,1.005,Basement,1.133,Basement,0.67,Basement,2.061
Thursday,7:30 PM,"{'Close to Food': 4, 'Quietness': 1, 'Natural Light': 5, 'Close to Outlet': 2, 'Working Alone': 3}",First,2.377,First,1.867,Third,1.337,First,2.741
Thursday,10:30 PM,"{'Close to Food': 4, 'Quietness': 1, 'Natural Light': 5, 'Close to Outlet': 2, 'Working Alone': 3}",First,1.398,Basement,1.4,Third,1.074,Basement,2.545
Friday,10:30 AM,"{'Close to Food': 4, 'Quietness': 1, 'Natural Light': 5, 'Close to Outlet': 2, 'Working Alone': 3}",Second,1.291,Second,1.343,Fourth,1.047,Second,2.19
Friday,1:30 PM,"{'Close to Food': 4, 'Quietness': 1, 'Natural Light': 5, 'Close to Outlet': 2, 'Working Alone': 3}",First,1.911,First,1.501,Second,0.975,Basement,2.667
Friday,4:30 PM,"{'Close to Food': 4, 'Quietness': 1, 'Natural Light': 5, 'Close to Outlet': 2, 'Working Alone': 3}",Second,1.186,Basement,1.333,Fourth,1.015,Basement,2.424
Friday,7:30 PM,"{'Close to Food': 4, 'Quietness': 1, 'Natural Light': 5, 'Close to Outlet': 2, 'Working Alone': 3}",First,1.771,Basement,1.867,Basement,1.103,Basement,3.394
Friday,10:30 PM,"{'Close to Food': 4, 'Quietness': 1, 'Natural Light': 5, 'Close to Outlet': 2, 'Working Alone': 3}",First,2.004,Basement,2.0,Basement,1.182,Basement,3.636
Monday,10:30 AM,"{'Close to Food': 4, 'Quietness': 1, 'Natural Light': 5, 'Close to Outlet': 3, 'Working Alone': 2}",First,1.757,Basement,1.436,Third,0.869,Basement,0.673
Monday,1:30 PM,"{'Close to Food': 4, 'Quietness': 1, 'Natural Light': 5, 'Close to Outlet': 3, 'Working Alone': 2}",First,1.629,First,1.249,Third,0.733,Basement,0.505
Monday,4:30 PM,"{'Close to Food': 4, 'Quietness': 1, 'Natural Light': 5, 'Close to Outlet': 3, 'Working Alone': 2}",First,0.9,First,0.69,Fourth,0.456,Basement,0.224
Monday,7:30 PM,"{'Close to Food': 4, 'Quietness': 1, 'Natural Light': 5, 'Close to Outlet': 3, 'Working Alone': 2}",First,1.286,First,0.986,Fourth,0.563,Basement,0.448
Monday,10:30 PM,"{'Close to Food': 4, 'Quietness': 1, 'Natural Light': 5, 'Close to Outlet': 3, 'Working Alone': 2}",Basement,1.202,Basement,1.377,Basement,0.749,Basement,0.645
Tuesday,10:30 AM,"{'Close to Food': 4, 'Quietness': 1, 'Natural Light': 5, 'Close to Outlet': 3, 'Working Alone': 2}",First,1.929,First,1.479,Third,0.716,Basement,0.533
Tuesday,1:30 PM,"{'Close to Food': 4, 'Quietness': 1, 'Natural Light': 5, 'Close to Outlet': 3, 'Working Alone': 2}",First,1.286,First,0.986,Third,0.511,Basement,0.42
Tuesday,4:30 PM,"{'Close to Food': 4, 'Quietness': 1, 'Natural Light': 5, 'Close to Outlet': 3, 'Working Alone': 2}",Basement,0.732,Basement,0.838,Basement,0.456,Basement,0.392F
Tuesday,7:30 PM,"{'Close to Food': 4, 'Quietness': 1, 'Natural Light': 5, 'Close to Outlet': 3, 'Working Alone': 2}",Basement,0.941,Basement,1.077,Basement,0.586,Basement,0.505F
Tuesday,10:30 PM,"{'Close to Food': 4, 'Quietness': 1, 'Natural Light': 5, 'Close to Outlet': 3, 'Working Alone': 2}",First,1.414,First,1.084,Third,0.664,Basement,0.477F
Wednesday,10:30 AM,"{'Close to Food': 4, 'Quietness': 1, 'Natural Light': 5, 'Close to Outlet': 3, 'Working Alone': 2}",Basement,1.464,Basement,1.676,Fourth,1.153,Basement,0.785F
Wednesday,1:30 PM,"{'Close to Food': 4, 'Quietness': 1, 'Natural Light': 5, 'Close to Outlet': 3, 'Working Alone': 2}",First,1.371,First,1.051,Third,0.647,Basement,0.392F
Wednesday,4:30 PM,"{'Close to Food': 4, 'Quietness': 1, 'Natural Light': 5, 'Close to Outlet': 3, 'Working Alone': 2}",Basement,0.889,Basement,1.017,Basement,0.554,Basement,0.477F
Wednesday,7:30 PM,"{'Close to Food': 4, 'Quietness': 1, 'Natural Light': 5, 'Close to Outlet': 3, 'Working Alone': 2}",Third,0.96,Second,0.916,Third,0.716,Basement,0.392F
Wednesday,10:30 PM,"{'Close to Food': 4, 'Quietness': 1, 'Natural Light': 5, 'Close to Outlet': 3, 'Working Alone': 2}",Third,1.006,Basement,1.077,Third,0.75,Basement,0.505F
Thursday,10:30 AM,"{'Close to Food': 4, 'Quietness': 1, 'Natural Light': 5, 'Close to Outlet': 3, 'Working Alone': 2}",First,1.671,First,1.281,Third,0.937,Basement,0.589F
Thursday,1:30 PM,"{'Close to Food': 4, 'Quietness': 1, 'Natural Light': 5, 'Close to Outlet': 3, 'Working Alone': 2}",Third,0.869,Basement,0.898,Third,0.647,Basement,0.42F
Thursday,4:30 PM,"{'Close to Food': 4, 'Quietness': 1, 'Natural Light': 5, 'Close to Outlet': 3, 'Working Alone': 2}",Basement,0.889,Basement,1.017,Basement,0.554,Basement,0.477F
Thursday,7:30 PM,"{'Close to Food': 4, 'Quietness': 1, 'Natural Light': 5, 'Close to Outlet': 3, 'Working Alone': 2}",First,2.186,First,1.676,Third,1.039,Basement,0.477F
Thursday,10:30 PM,"{'Close to Food': 4, 'Quietness': 1, 'Natural Light': 5, 'Close to Outlet': 3, 'Working Alone': 2}",First,1.286,Basement,1.257,Third,0.835,Basement,0.589F
Friday,10:30 AM,"{'Close to Food': 4, 'Quietness': 1, 'Natural Light': 5, 'Close to Outlet': 3, 'Working Alone': 2}",Second,1.118,Second,1.169,Fourth,0.858,Basement,0.505F
Friday,1:30 PM,"{'Close to Food': 4, 'Quietness': 1, 'Natural Light': 5, 'Close to Outlet': 3, 'Working Alone': 2}",First,1.757,First,1.347,Second,0.783,Basement,0.617F
Friday,4:30 PM,"{'Close to Food': 4, 'Quietness': 1, 'Natural Light': 5, 'Close to Outlet': 3, 'Working Alone': 2}",Basement,1.045,Basement,1.197,Fourth,0.831,Basement,0.561F
Friday,7:30 PM,"{'Close to Food': 4, 'Quietness': 1, 'Natural Light': 5, 'Close to Outlet': 3, 'Working Alone': 2}",First,1.629,Basement,1.676,Basement,0.912,Basement,0.785F
Friday,10:30 PM,"{'Close to Food': 4, 'Quietness': 1, 'Natural Light': 5, 'Close to Outlet': 3, 'Working Alone': 2}",First,1.843,Basement,1.795,Basement,0.977,Basement,0.841
Monday,10:30 AM,"{'Close to Food': 4, 'Quietness': 2, 'Natural Light': 5, 'Close to Outlet': 1, 'Working Alone': 3}",First,2.065,Basement,1.764,Third,1.367,Basement,3.073
Monday,1:30 PM,"{'Close to Food': 4, 'Quietness': 2, 'Natural Light': 5, 'Close to Outlet': 1, 'Working Alone': 3}",First,1.914,First,1.534,Third,1.152,Basement,2.305
Monday,4:30 PM,"{'Close to Food': 4, 'Quietness': 2, 'Natural Light': 5, 'Close to Outlet': 1, 'Working Alone': 3}",First,1.057,First,0.848,Fourth,0.657,First,1.208
Monday,7:30 PM,"{'Close to Food': 4, 'Quietness': 2, 'Natural Light': 5, 'Close to Outlet': 1, 'Working Alone': 3}",First,1.511,First,1.211,Fourth,0.812,Basement,2.048
Monday,10:30 PM,"{'Close to Food': 4, 'Quietness': 2, 'Natural Light': 5, 'Close to Outlet': 1, 'Working Alone': 3}",Basement,1.516,Basement,1.69,Basement,1.063,Basement,2.945
Tuesday,10:30 AM,"{'Close to Food': 4, 'Quietness': 2, 'Natural Light': 5, 'Close to Outlet': 1, 'Working Alone': 3}",First,2.266,First,1.816,Third,1.126,First,2.588
Tuesday,1:30 PM,"{'Close to Food': 4, 'Quietness': 2, 'Natural Light': 5, 'Close to Outlet': 1, 'Working Alone': 3}",First,1.511,First,1.211,Third,0.804,Basement,1.92
Tuesday,4:30 PM,"{'Close to Food': 4, 'Quietness': 2, 'Natural Light': 5, 'Close to Outlet': 1, 'Working Alone': 3}",Basement,0.923,Basement,1.029,Basement,0.647,Basement,1.792
Tuesday,7:30 PM,"{'Close to Food': 4, 'Quietness': 2, 'Natural Light': 5, 'Close to Outlet': 1, 'Working Alone': 3}",Basement,1.186,Basement,1.323,Basement,0.832,Basement,2.305
Tuesday,10:30 PM,"{'Close to Food': 4, 'Quietness': 2, 'Natural Light': 5, 'Close to Outlet': 1, 'Working Alone': 3}",First,1.662,First,1.332,Third,1.045,Basement,2.177
Wednesday,10:30 AM,"{'Close to Food': 4, 'Quietness': 2, 'Natural Light': 5, 'Close to Outlet': 1, 'Working Alone': 3}",Third,2.088,Basement,2.058,Third,1.715,Basement,3.585
Wednesday,1:30 PM,"{'Close to Food': 4, 'Quietness': 2, 'Natural Light': 5, 'Close to Outlet': 1, 'Working Alone': 3}",First,1.611,First,1.291,Third,1.018,First,1.84
Wednesday,4:30 PM,"{'Close to Food': 4, 'Quietness': 2, 'Natural Light': 5, 'Close to Outlet': 1, 'Working Alone': 3}",Basement,1.12,Basement,1.249,Basement,0.786,Basement,2.177
Wednesday,7:30 PM,"{'Close to Food': 4, 'Quietness': 2, 'Natural Light': 5, 'Close to Outlet': 1, 'Working Alone': 3}",Third,1.37,Second,1.188,Third,1.126,Second,1.853
Wednesday,10:30 PM,"{'Close to Food': 4, 'Quietness': 2, 'Natural Light': 5, 'Close to Outlet': 1, 'Working Alone': 3}",Third,1.435,Basement,1.323,Third,1.179,Basement,2.305
Thursday,10:30 AM,"{'Close to Food': 4, 'Quietness': 2, 'Natural Light': 5, 'Close to Outlet': 1, 'Working Alone': 3}",First,1.964,First,1.574,Third,1.474,Basement,2.689
Thursday,1:30 PM,"{'Close to Food': 4, 'Quietness': 2, 'Natural Light': 5, 'Close to Outlet': 1, 'Working Alone': 3}",Third,1.24,Basement,1.102,Third,1.018,Basement,1.92
Thursday,4:30 PM,"{'Close to Food': 4, 'Quietness': 2, 'Natural Light': 5, 'Close to Outlet': 1, 'Working Alone': 3}",Basement,1.12,Basement,1.249,Basement,0.786,Basement,2.177
Thursday,7:30 PM,"{'Close to Food': 4, 'Quietness': 2, 'Natural Light': 5, 'Close to Outlet': 1, 'Working Alone': 3}",First,2.568,First,2.058,Third,1.635,First,2.932
Thursday,10:30 PM,"{'Close to Food': 4, 'Quietness': 2, 'Natural Light': 5, 'Close to Outlet': 1, 'Working Alone': 3}",Third,1.598,Basement,1.543,Third,1.313,Basement,2.689
Friday,10:30 AM,"{'Close to Food': 4, 'Quietness': 2, 'Natural Light': 5, 'Close to Outlet': 1, 'Working Alone': 3}",Second,1.465,Second,1.516,Fourth,1.237,Second,2.364
Friday,1:30 PM,"{'Close to Food': 4, 'Quietness': 2, 'Natural Light': 5, 'Close to Outlet': 1, 'Working Alone': 3}",First,2.065,Second,1.68,Second,1.167,Basement,2.817
Friday,4:30 PM,"{'Close to Food': 4, 'Quietness': 2, 'Natural Light': 5, 'Close to Outlet': 1, 'Working Alone': 3}",Second,1.346,Basement,1.47,Fourth,1.198,Basement,2.561
Friday,7:30 PM,"{'Close to Food': 4, 'Quietness': 2, 'Natural Light': 5, 'Close to Outlet': 1, 'Working Alone': 3}",First,1.914,Basement,2.058,Basement,1.294,Basement,3.585
Friday,10:30 PM,"{'Close to Food': 4, 'Quietness': 2, 'Natural Light': 5, 'Close to Outlet': 1, 'Working Alone': 3}",First,2.165,Basement,2.205,Basement,1.386,Basement,3.841
Monday,10:30 AM,"{'Close to Food': 4, 'Quietness': 2, 'Natural Light': 5, 'Close to Outlet': 3, 'Working Alone': 1}",First,1.757,Basement,1.436,Third,0.869,Basement,0.673
Monday,1:30 PM,"{'Close to Food': 4, 'Quietness': 2, 'Natural Light': 5, 'Close to Outlet': 3, 'Working Alone': 1}",First,1.629,First,1.249,Third,0.733,Basement,0.505
Monday,4:30 PM,"{'Close to Food': 4, 'Quietness': 2, 'Natural Light': 5, 'Close to Outlet': 3, 'Working Alone': 1}",First,0.9,First,0.69,Fourth,0.456,Basement,0.224
Monday,7:30 PM,"{'Close to Food': 4, 'Quietness': 2, 'Natural Light': 5, 'Close to Outlet': 3, 'Working Alone': 1}",First,1.286,First,0.986,Fourth,0.563,Basement,0.448
Monday,10:30 PM,"{'Close to Food': 4, 'Quietness': 2, 'Natural Light': 5, 'Close to Outlet': 3, 'Working Alone': 1}",Basement,1.202,Basement,1.377,Basement,0.749,Basement,0.645
Tuesday,10:30 AM,"{'Close to Food': 4, 'Quietness': 2, 'Natural Light': 5, 'Close to Outlet': 3, 'Working Alone': 1}",First,1.929,First,1.479,Third,0.716,Basement,0.533
Tuesday,1:30 PM,"{'Close to Food': 4, 'Quietness': 2, 'Natural Light': 5, 'Close to Outlet': 3, 'Working Alone': 1}",First,1.286,First,0.986,Third,0.511,Basement,0.42
Tuesday,4:30 PM,"{'Close to Food': 4, 'Quietness': 2, 'Natural Light': 5, 'Close to Outlet': 3, 'Working Alone': 1}",Basement,0.732,Basement,0.838,Basement,0.456,Basement,0.392
Tuesday,7:30 PM,"{'Close to Food': 4, 'Quietness': 2, 'Natural Light': 5, 'Close to Outlet': 3, 'Working Alone': 1}",Basement,0.941,Basement,1.077,Basement,0.586,Basement,0.505
Tuesday,10:30 PM,"{'Close to Food': 4, 'Quietness': 2, 'Natural Light': 5, 'Close to Outlet': 3, 'Working Alone': 1}",First,1.414,First,1.084,Third,0.664,Basement,0.477
Wednesday,10:30 AM,"{'Close to Food': 4, 'Quietness': 2, 'Natural Light': 5, 'Close to Outlet': 3, 'Working Alone': 1}",Basement,1.464,Basement,1.676,Fourth,1.153,Basement,0.785
Wednesday,1:30 PM,"{'Close to Food': 4, 'Quietness': 2, 'Natural Light': 5, 'Close to Outlet': 3, 'Working Alone': 1}",First,1.371,First,1.051,Third,0.647,Basement,0.392
Wednesday,4:30 PM,"{'Close to Food': 4, 'Quietness': 2, 'Natural Light': 5, 'Close to Outlet': 3, 'Working Alone': 1}",Basement,0.889,Basement,1.017,Basement,0.554,Basement,0.477
Wednesday,7:30 PM,"{'Close to Food': 4, 'Quietness': 2, 'Natural Light': 5, 'Close to Outlet': 3, 'Working Alone': 1}",Third,0.96,Second,0.916,Third,0.716,Basement,0.392
Wednesday,10:30 PM,"{'Close to Food': 4, 'Quietness': 2, 'Natural Light': 5, 'Close to Outlet': 3, 'Working Alone': 1}",Third,1.006,Basement,1.077,Third,0.75,Basement,0.505
Thursday,10:30 AM,"{'Close to Food': 4, 'Quietness': 2, 'Natural Light': 5, 'Close to Outlet': 3, 'Working Alone': 1}",First,1.671,First,1.281,Third,0.937,Basement,0.589
Thursday,1:30 PM,"{'Close to Food': 4, 'Quietness': 2, 'Natural Light': 5, 'Close to Outlet': 3, 'Working Alone': 1}",Third,0.869,Basement,0.898,Third,0.647,Basement,0.42
Thursday,4:30 PM,"{'Close to Food': 4, 'Quietness': 2, 'Natural Light': 5, 'Close to Outlet': 3, 'Working Alone': 1}",Basement,0.889,Basement,1.017,Basement,0.554,Basement,0.477
Thursday,7:30 PM,"{'Close to Food': 4, 'Quietness': 2, 'Natural Light': 5, 'Close to Outlet': 3, 'Working Alone': 1}",First,2.186,First,1.676,Third,1.039,Basement,0.477
Thursday,10:30 PM,"{'Close to Food': 4, 'Quietness': 2, 'Natural Light': 5, 'Close to Outlet': 3, 'Working Alone': 1}",First,1.286,Basement,1.257,Third,0.835,Basement,0.589
Friday,10:30 AM,"{'Close to Food': 4, 'Quietness': 2, 'Natural Light': 5, 'Close to Outlet': 3, 'Working Alone': 1}",Second,1.118,Second,1.169,Fourth,0.858,Basement,0.505
Friday,1:30 PM,"{'Close to Food': 4, 'Quietness': 2, 'Natural Light': 5, 'Close to Outlet': 3, 'Working Alone': 1}",First,1.757,First,1.347,Second,0.783,Basement,0.617
Friday,4:30 PM,"{'Close to Food': 4, 'Quietness': 2, 'Natural Light': 5, 'Close to Outlet': 3, 'Working Alone': 1}",Basement,1.045,Basement,1.197,Fourth,0.831,Basement,0.561
Friday,7:30 PM,"{'Close to Food': 4, 'Quietness': 2, 'Natural Light': 5, 'Close to Outlet': 3, 'Working Alone': 1}",First,1.629,Basement,1.676,Basement,0.912,Basement,0.785
Friday,10:30 PM,"{'Close to Food': 4, 'Quietness': 2, 'Natural Light': 5, 'Close to Outlet': 3, 'Working Alone': 1}",First,1.843,Basement,1.795,Basement,0.977,Basement,0.841
Monday,10:30 AM,"{'Close to Food': 4, 'Quietness': 3, 'Natural Light': 5, 'Close to Outlet': 1, 'Working Alone': 2}",First,2.065,Basement,1.764,Third,1.367,Basement,3.182
Monday,1:30 PM,"{'Close to Food': 4, 'Quietness': 3, 'Natural Light': 5, 'Close to Outlet': 1, 'Working Alone': 2}",First,1.914,First,1.534,Third,1.152,Basement,2.386
Monday,4:30 PM,"{'Close to Food': 4, 'Quietness': 3, 'Natural Light': 5, 'Close to Outlet': 1, 'Working Alone': 2}",First,1.057,First,0.848,Fourth,0.657,First,1.252
Monday,7:30 PM,"{'Close to Food': 4, 'Quietness': 3, 'Natural Light': 5, 'Close to Outlet': 1, 'Working Alone': 2}",First,1.511,First,1.211,Fourth,0.812,Basement,2.121
Monday,10:30 PM,"{'Close to Food': 4, 'Quietness': 3, 'Natural Light': 5, 'Close to Outlet': 1, 'Working Alone': 2}",Basement,1.516,Basement,1.69,Basement,1.063,Basement,3.049
Tuesday,10:30 AM,"{'Close to Food': 4, 'Quietness': 3, 'Natural Light': 5, 'Close to Outlet': 1, 'Working Alone': 2}",First,2.266,First,1.816,Third,1.126,First,2.684
Tuesday,1:30 PM,"{'Close to Food': 4, 'Quietness': 3, 'Natural Light': 5, 'Close to Outlet': 1, 'Working Alone': 2}",First,1.511,First,1.211,Third,0.804,Basement,1.989
Tuesday,4:30 PM,"{'Close to Food': 4, 'Quietness': 3, 'Natural Light': 5, 'Close to Outlet': 1, 'Working Alone': 2}",Basement,0.923,Basement,1.029,Basement,0.647,Basement,1.856
Tuesday,7:30 PM,"{'Close to Food': 4, 'Quietness': 3, 'Natural Light': 5, 'Close to Outlet': 1, 'Working Alone': 2}",Basement,1.186,Basement,1.323,Basement,0.832,Basement,2.386
Tuesday,10:30 PM,"{'Close to Food': 4, 'Quietness': 3, 'Natural Light': 5, 'Close to Outlet': 1, 'Working Alone': 2}",First,1.662,First,1.332,Third,1.045,Basement,2.254
Wednesday,10:30 AM,"{'Close to Food': 4, 'Quietness': 3, 'Natural Light': 5, 'Close to Outlet': 1, 'Working Alone': 2}",Third,2.088,Basement,2.058,Third,1.715,Basement,3.712
Wednesday,1:30 PM,"{'Close to Food': 4, 'Quietness': 3, 'Natural Light': 5, 'Close to Outlet': 1, 'Working Alone': 2}",First,1.611,First,1.291,Third,1.018,First,1.909
Wednesday,4:30 PM,"{'Close to Food': 4, 'Quietness': 3, 'Natural Light': 5, 'Close to Outlet': 1, 'Working Alone': 2}",Basement,1.12,Basement,1.249,Basement,0.786,Basement,2.254
Wednesday,7:30 PM,"{'Close to Food': 4, 'Quietness': 3, 'Natural Light': 5, 'Close to Outlet': 1, 'Working Alone': 2}",Third,1.37,Second,1.188,Third,1.126,Basement,1.856
Wednesday,10:30 PM,"{'Close to Food': 4, 'Quietness': 3, 'Natural Light': 5, 'Close to Outlet': 1, 'Working Alone': 2}",Third,1.435,Basement,1.323,Third,1.179,Basement,2.386
Thursday,10:30 AM,"{'Close to Food': 4, 'Quietness': 3, 'Natural Light': 5, 'Close to Outlet': 1, 'Working Alone': 2}",First,1.964,First,1.574,Third,1.474,Basement,2.784
Thursday,1:30 PM,"{'Close to Food': 4, 'Quietness': 3, 'Natural Light': 5, 'Close to Outlet': 1, 'Working Alone': 2}",Third,1.24,Basement,1.102,Third,1.018,Basement,1.989
Thursday,4:30 PM,"{'Close to Food': 4, 'Quietness': 3, 'Natural Light': 5, 'Close to Outlet': 1, 'Working Alone': 2}",Basement,1.12,Basement,1.249,Basement,0.786,Basement,2.254
Thursday,7:30 PM,"{'Close to Food': 4, 'Quietness': 3, 'Natural Light': 5, 'Close to Outlet': 1, 'Working Alone': 2}",First,2.568,First,2.058,Third,1.635,First,3.042
Thursday,10:30 PM,"{'Close to Food': 4, 'Quietness': 3, 'Natural Light': 5, 'Close to Outlet': 1, 'Working Alone': 2}",Third,1.598,Basement,1.543,Third,1.313,Basement,2.784
Friday,10:30 AM,"{'Close to Food': 4, 'Quietness': 3, 'Natural Light': 5, 'Close to Outlet': 1, 'Working Alone': 2}",Second,1.465,Second,1.516,Fourth,1.237,Basement,2.386
Friday,1:30 PM,"{'Close to Food': 4, 'Quietness': 3, 'Natural Light': 5, 'Close to Outlet': 1, 'Working Alone': 2}",First,2.065,Second,1.68,Second,1.167,Basement,2.917
Friday,4:30 PM,"{'Close to Food': 4, 'Quietness': 3, 'Natural Light': 5, 'Close to Outlet': 1, 'Working Alone': 2}",Second,1.346,Basement,1.47,Fourth,1.198,Basement,2.652
Friday,7:30 PM,"{'Close to Food': 4, 'Quietness': 3, 'Natural Light': 5, 'Close to Outlet': 1, 'Working Alone': 2}",First,1.914,Basement,2.058,Basement,1.294,Basement,3.712
Friday,10:30 PM,"{'Close to Food': 4, 'Quietness': 3, 'Natural Light': 5, 'Close to Outlet': 1, 'Working Alone': 2}",First,2.165,Basement,2.205,Basement,1.386,Basement,3.977
Monday,10:30 AM,"{'Close to Food': 4, 'Quietness': 3, 'Natural Light': 5, 'Close to Outlet': 2, 'Working Alone': 1}",First,1.911,Basement,1.6,Third,1.118,Basement,3.018
Monday,1:30 PM,"{'Close to Food': 4, 'Quietness': 3, 'Natural Light': 5, 'Close to Outlet': 2, 'Working Alone': 1}",First,1.771,First,1.391,Third,0.942,Basement,2.264
Monday,4:30 PM,"{'Close to Food': 4, 'Quietness': 3, 'Natural Light': 5, 'Close to Outlet': 2, 'Working Alone': 1}",First,0.979,First,0.769,Fourth,0.556,First,1.174
Monday,7:30 PM,"{'Close to Food': 4, 'Quietness': 3, 'Natural Light': 5, 'Close to Outlet': 2, 'Working Alone': 1}",First,1.398,First,1.098,Fourth,0.687,Basement,2.012
Monday,10:30 PM,"{'Close to Food': 4, 'Quietness': 3, 'Natural Light': 5, 'Close to Outlet': 2, 'Working Alone': 1}",Basement,1.359,Basement,1.533,Basement,0.906,Basement,2.892
Tuesday,10:30 AM,"{'Close to Food': 4, 'Quietness': 3, 'Natural Light': 5, 'Close to Outlet': 2, 'Working Alone': 1}",First,2.097,First,1.647,Third,0.921,First,2.515
Tuesday,1:30 PM,"{'Close to Food': 4, 'Quietness': 3, 'Natural Light': 5, 'Close to Outlet': 2, 'Working Alone': 1}",First,1.398,First,1.098,Third,0.658,Basement,1.886
Tuesday,4:30 PM,"{'Close to Food': 4, 'Quietness': 3, 'Natural Light': 5, 'Close to Outlet': 2, 'Working Alone': 1}",Basement,0.827,Basement,0.933,Basement,0.552,Basement,1.761
Tuesday,7:30 PM,"{'Close to Food': 4, 'Quietness': 3, 'Natural Light': 5, 'Close to Outlet': 2, 'Working Alone': 1}",Basement,1.064,Basement,1.2,Basement,0.709,Basement,2.264
Tuesday,10:30 PM,"{'Close to Food': 4, 'Quietness': 3, 'Natural Light': 5, 'Close to Outlet': 2, 'Working Alone': 1}",First,1.538,First,1.208,Third,0.855,Basement,2.138
Wednesday,10:30 AM,"{'Close to Food': 4, 'Quietness': 3, 'Natural Light': 5, 'Close to Outlet': 2, 'Working Alone': 1}",Third,1.775,Basement,1.867,Fourth,1.407,Basement,3.521
Wednesday,1:30 PM,"{'Close to Food': 4, 'Quietness': 3, 'Natural Light': 5, 'Close to Outlet': 2, 'Working Alone': 1}",First,1.491,First,1.171,Third,0.833,First,1.789
Wednesday,4:30 PM,"{'Close to Food': 4, 'Quietness': 3, 'Natural Light': 5, 'Close to Outlet': 2, 'Working Alone': 1}",Basement,1.005,Basement,1.133,Basement,0.67,Basement,2.138
Wednesday,7:30 PM,"{'Close to Food': 4, 'Quietness': 3, 'Natural Light': 5, 'Close to Outlet': 2, 'Working Alone': 1}",Third,1.165,Second,1.052,Third,0.921,Basement,1.761
Wednesday,10:30 PM,"{'Close to Food': 4, 'Quietness': 3, 'Natural Light': 5, 'Close to Outlet': 2, 'Working Alone': 1}",Third,1.221,Basement,1.2,Third,0.964,Basement,2.264
Thursday,10:30 AM,"{'Close to Food': 4, 'Quietness': 3, 'Natural Light': 5, 'Close to Outlet': 2, 'Working Alone': 1}",First,1.818,First,1.428,Third,1.205,Basement,2.641
Thursday,1:30 PM,"{'Close to Food': 4, 'Quietness': 3, 'Natural Light': 5, 'Close to Outlet': 2, 'Working Alone': 1}",Third,1.054,Basement,1.0,Third,0.833,Basement,1.886
Thursday,4:30 PM,"{'Close to Food': 4, 'Quietness': 3, 'Natural Light': 5, 'Close to Outlet': 2, 'Working Alone': 1}",Basement,1.005,Basement,1.133,Basement,0.67,Basement,2.138
Thursday,7:30 PM,"{'Close to Food': 4, 'Quietness': 3, 'Natural Light': 5, 'Close to Outlet': 2, 'Working Alone': 1}",First,2.377,First,1.867,Third,1.337,First,2.851
Thursday,10:30 PM,"{'Close to Food': 4, 'Quietness': 3, 'Natural Light': 5, 'Close to Outlet': 2, 'Working Alone': 1}",First,1.398,Basement,1.4,Third,1.074,Basement,2.641
Friday,10:30 AM,"{'Close to Food': 4, 'Quietness': 3, 'Natural Light': 5, 'Close to Outlet': 2, 'Working Alone': 1}",Second,1.291,Second,1.343,Fourth,1.047,Basement,2.264
Friday,1:30 PM,"{'Close to Food': 4, 'Quietness': 3, 'Natural Light': 5, 'Close to Outlet': 2, 'Working Alone': 1}",First,1.911,First,1.501,Second,0.975,Basement,2.767
Friday,4:30 PM,"{'Close to Food': 4, 'Quietness': 3, 'Natural Light': 5, 'Close to Outlet': 2, 'Working Alone': 1}",Second,1.186,Basement,1.333,Fourth,1.015,Basement,2.515
Friday,7:30 PM,"{'Close to Food': 4, 'Quietness': 3, 'Natural Light': 5, 'Close to Outlet': 2, 'Working Alone': 1}",First,1.771,Basement,1.867,Basement,1.103,Basement,3.521
Friday,10:30 PM,"{'Close to Food': 4, 'Quietness': 3, 'Natural Light': 5, 'Close to Outlet': 2, 'Working Alone': 1}",First,2.004,Basement,2.0,Basement,1.182,Basement,3.773
Monday,10:30 AM,"{'Close to Food': 5, 'Quietness': 1, 'Natural Light': 4, 'Close to Outlet': 2, 'Working Alone': 3}",First,1.889,Third,1.524,Basement,1.073,Basement,3.036
Monday,1:30 PM,"{'Close to Food': 5, 'Quietness': 1, 'Natural Light': 4, 'Close to Outlet': 2, 'Working Alone': 3}",First,1.751,First,1.344,Third,0.902,Basement,2.277
Monday,4:30 PM,"{'Close to Food': 5, 'Quietness': 1, 'Natural Light': 4, 'Close to Outlet': 2, 'Working Alone': 3}",First,0.967,First,0.742,Fourth,0.542,First,1.133
Monday,7:30 PM,"{'Close to Food': 5, 'Quietness': 1, 'Natural Light': 4, 'Close to Outlet': 2, 'Working Alone': 3}",First,1.382,First,1.061,Basement,0.715,Basement,2.024
Monday,10:30 PM,"{'Close to Food': 5, 'Quietness': 1, 'Natural Light': 4, 'Close to Outlet': 2, 'Working Alone': 3}",Basement,0.993,Basement,0.68,Basement,1.028,Basement,2.91
Tuesday,10:30 AM,"{'Close to Food': 5, 'Quietness': 1, 'Natural Light': 4, 'Close to Outlet': 2, 'Working Alone': 3}",First,2.073,First,1.591,Third,0.881,First,2.427
Tuesday,1:30 PM,"{'Close to Food': 5, 'Quietness': 1, 'Natural Light': 4, 'Close to Outlet': 2, 'Working Alone': 3}",First,1.382,First,1.061,Basement,0.67,Basement,1.898
Tuesday,4:30 PM,"{'Close to Food': 5, 'Quietness': 1, 'Natural Light': 4, 'Close to Outlet': 2, 'Working Alone': 3}",First,0.737,First,0.566,Basement,0.626,Basement,1.771
Tuesday,7:30 PM,"{'Close to Food': 5, 'Quietness': 1, 'Natural Light': 4, 'Close to Outlet': 2, 'Working Alone': 3}",Basement,0.777,Third,0.598,Basement,0.805,Basement,2.277
Tuesday,10:30 PM,"{'Close to Food': 5, 'Quietness': 1, 'Natural Light': 4, 'Close to Outlet': 2, 'Working Alone': 3}",First,1.52,First,1.167,Third,0.818,Basement,2.151
Wednesday,10:30 AM,"{'Close to Food': 5, 'Quietness': 1, 'Natural Light': 4, 'Close to Outlet': 2, 'Working Alone': 3}",Third,1.956,Third,1.912,Fourth,1.372,Basement,3.542
Wednesday,1:30 PM,"{'Close to Food': 5, 'Quietness': 1, 'Natural Light': 4, 'Close to Outlet': 2, 'Working Alone': 3}",First,1.474,Third,1.135,Third,0.797,Basement,1.771
Wednesday,4:30 PM,"{'Close to Food': 5, 'Quietness': 1, 'Natural Light': 4, 'Close to Outlet': 2, 'Working Alone': 3}",First,0.783,Third,0.627,Basement,0.76,Basement,2.151
Wednesday,7:30 PM,"{'Close to Food': 5, 'Quietness': 1, 'Natural Light': 4, 'Close to Outlet': 2, 'Working Alone': 3}",Third,1.284,Third,1.255,Third,0.881,Second,1.772
Wednesday,10:30 PM,"{'Close to Food': 5, 'Quietness': 1, 'Natural Light': 4, 'Close to Outlet': 2, 'Working Alone': 3}",Third,1.345,Third,1.315,Third,0.923,Basement,2.277
Thursday,10:30 AM,"{'Close to Food': 5, 'Quietness': 1, 'Natural Light': 4, 'Close to Outlet': 2, 'Working Alone': 3}",First,1.797,Third,1.643,Third,1.154,Basement,2.657
Thursday,1:30 PM,"{'Close to Food': 5, 'Quietness': 1, 'Natural Light': 4, 'Close to Outlet': 2, 'Working Alone': 3}",Third,1.161,Third,1.135,Third,0.797,Basement,1.898
Thursday,4:30 PM,"{'Close to Food': 5, 'Quietness': 1, 'Natural Light': 4, 'Close to Outlet': 2, 'Working Alone': 3}",Basement,0.734,Third,0.717,Basement,0.76,Basement,2.151
Thursday,7:30 PM,"{'Close to Food': 5, 'Quietness': 1, 'Natural Light': 4, 'Close to Outlet': 2, 'Working Alone': 3}",First,2.35,Third,1.823,Third,1.28,First,2.75
Thursday,10:30 PM,"{'Close to Food': 5, 'Quietness': 1, 'Natural Light': 4, 'Close to Outlet': 2, 'Working Alone': 3}",Third,1.498,Third,1.464,Third,1.028,Basement,2.657
Friday,10:30 AM,"{'Close to Food': 5, 'Quietness': 1, 'Natural Light': 4, 'Close to Outlet': 2, 'Working Alone': 3}",Third,1.345,Third,1.315,Fourth,1.021,Basement,2.277
Friday,1:30 PM,"{'Close to Food': 5, 'Quietness': 1, 'Natural Light': 4, 'Close to Outlet': 2, 'Working Alone': 3}",First,1.889,First,1.45,Second,1.053,Basement,2.783
Friday,4:30 PM,"{'Close to Food': 5, 'Quietness': 1, 'Natural Light': 4, 'Close to Outlet': 2, 'Working Alone': 3}",Third,1.131,Third,1.106,Fourth,0.989,Basement,2.53
Friday,7:30 PM,"{'Close to Food': 5, 'Quietness': 1, 'Natural Light': 4, 'Close to Outlet': 2, 'Working Alone': 3}",First,1.751,First,1.344,Basement,1.252,Basement,3.542
Friday,10:30 PM,"{'Close to Food': 5, 'Quietness': 1, 'Natural Light': 4, 'Close to Outlet': 2, 'Working Alone': 3}",First,1.981,First,1.52,Basement,1.341,Basement,3.795
Monday,10:30 AM,"{'Close to Food': 5, 'Quietness': 1, 'Natural Light': 4, 'Close to Outlet': 3, 'Working Alone': 2}",First,1.735,First,1.296,Basement,0.909,Basement,0.8
Monday,1:30 PM,"{'Close to Food': 5, 'Quietness': 1, 'Natural Light': 4, 'Close to Outlet': 3, 'Working Alone': 2}",First,1.608,First,1.201,Third,0.692,Basement,0.6
Monday,4:30 PM,"{'Close to Food': 5, 'Quietness': 1, 'Natural Light': 4, 'Close to Outlet': 3, 'Working Alone': 2}",First,0.889,First,0.664,Fourth,0.442,Basement,0.267
Monday,7:30 PM,"{'Close to Food': 5, 'Quietness': 1, 'Natural Light': 4, 'Close to Outlet': 3, 'Working Alone': 2}",First,1.27,First,0.948,Basement,0.606,Basement,0.533
Monday,10:30 PM,"{'Close to Food': 5, 'Quietness': 1, 'Natural Light': 4, 'Close to Outlet': 3, 'Working Alone': 2}",Basement,0.836,Basement,0.523,Basement,0.871,Basement,0.767
Tuesday,10:30 AM,"{'Close to Food': 5, 'Quietness': 1, 'Natural Light': 4, 'Close to Outlet': 3, 'Working Alone': 2}",First,1.904,First,1.422,Basement,0.72,Basement,0.633
Tuesday,1:30 PM,"{'Close to Food': 5, 'Quietness': 1, 'Natural Light': 4, 'Close to Outlet': 3, 'Working Alone': 2}",First,1.27,First,0.948,Basement,0.568,Basement,0.5
Tuesday,4:30 PM,"{'Close to Food': 5, 'Quietness': 1, 'Natural Light': 4, 'Close to Outlet': 3, 'Working Alone': 2}",First,0.677,First,0.506,Basement,0.53,Basement,0.467
Tuesday,7:30 PM,"{'Close to Food': 5, 'Quietness': 1, 'Natural Light': 4, 'Close to Outlet': 3, 'Working Alone': 2}",Basement,0.655,Third,0.5,Basement,0.682,Basement,0.6
Tuesday,10:30 PM,"{'Close to Food': 5, 'Quietness': 1, 'Natural Light': 4, 'Close to Outlet': 3, 'Working Alone': 2}",First,1.397,First,1.043,Basement,0.644,Basement,0.567
Wednesday,10:30 AM,"{'Close to Food': 5, 'Quietness': 1, 'Natural Light': 4, 'Close to Outlet': 3, 'Working Alone': 2}",Third,1.644,Third,1.6,Fourth,1.117,Basement,0.933
Wednesday,1:30 PM,"{'Close to Food': 5, 'Quietness': 1, 'Natural Light': 4, 'Close to Outlet': 3, 'Working Alone': 2}",First,1.354,First,1.011,Third,0.612,Basement,0.467
Wednesday,4:30 PM,"{'Close to Food': 5, 'Quietness': 1, 'Natural Light': 4, 'Close to Outlet': 3, 'Working Alone': 2}",First,0.719,First,0.537,Basement,0.644,Basement,0.567
Wednesday,7:30 PM,"{'Close to Food': 5, 'Quietness': 1, 'Natural Light': 4, 'Close to Outlet': 3, 'Working Alone': 2}",Third,1.079,Third,1.05,Third,0.676,Basement,0.467
Wednesday,10:30 PM,"{'Close to Food': 5, 'Quietness': 1, 'Natural Light': 4, 'Close to Outlet': 3, 'Working Alone': 2}",Third,1.13,Third,1.1,Third,0.708,Basement,0.6
Thursday,10:30 AM,"{'Close to Food': 5, 'Quietness': 1, 'Natural Light': 4, 'Close to Outlet': 3, 'Working Alone': 2}",First,1.651,Third,1.375,Third,0.885,Basement,0.7
Thursday,1:30 PM,"{'Close to Food': 5, 'Quietness': 1, 'Natural Light': 4, 'Close to Outlet': 3, 'Working Alone': 2}",Third,0.976,Third,0.95,Third,0.612,Basement,0.5
Thursday,4:30 PM,"{'Close to Food': 5, 'Quietness': 1, 'Natural Light': 4, 'Close to Outlet': 3, 'Working Alone': 2}",Basement,0.618,Third,0.6,Basement,0.644,Basement,0.567
Thursday,7:30 PM,"{'Close to Food': 5, 'Quietness': 1, 'Natural Light': 4, 'Close to Outlet': 3, 'Working Alone': 2}",First,2.158,First,1.612,Third,0.982,Basement,0.567
Thursday,10:30 PM,"{'Close to Food': 5, 'Quietness': 1, 'Natural Light': 4, 'Close to Outlet': 3, 'Working Alone': 2}",First,1.27,Third,1.225,Basement,0.795,Basement,0.7
Friday,10:30 AM,"{'Close to Food': 5, 'Quietness': 1, 'Natural Light': 4, 'Close to Outlet': 3, 'Working Alone': 2}",Third,1.13,Third,1.1,Fourth,0.832,Basement,0.6
Friday,1:30 PM,"{'Close to Food': 5, 'Quietness': 1, 'Natural Light': 4, 'Close to Outlet': 3, 'Working Alone': 2}",First,1.735,First,1.296,Second,0.861,Basement,0.733
Friday,4:30 PM,"{'Close to Food': 5, 'Quietness': 1, 'Natural Light': 4, 'Close to Outlet': 3, 'Working Alone': 2}",Third,0.95,Third,0.925,Fourth,0.806,Basement,0.667
Friday,7:30 PM,"{'Close to Food': 5, 'Quietness': 1, 'Natural Light': 4, 'Close to Outlet': 3, 'Working Alone': 2}",First,1.608,First,1.201,Basement,1.061,Basement,0.933
Friday,10:30 PM,"{'Close to Food': 5, 'Quietness': 1, 'Natural Light': 4, 'Close to Outlet': 3, 'Working Alone': 2}",First,1.82,First,1.359,Basement,1.136,Basement,1.0
Monday,10:30 AM,"{'Close to Food': 5, 'Quietness': 2, 'Natural Light': 4, 'Close to Outlet': 1, 'Working Alone': 3}",First,2.043,Third,1.773,Third,1.319,Basement,3.2
Monday,1:30 PM,"{'Close to Food': 5, 'Quietness': 2, 'Natural Light': 4, 'Close to Outlet': 1, 'Working Alone': 3}",First,1.893,Third,1.495,Third,1.112,Basement,2.4
Monday,4:30 PM,"{'Close to Food': 5, 'Quietness': 2, 'Natural Light': 4, 'Close to Outlet': 1, 'Working Alone': 3}",First,1.046,First,0.821,Fourth,0.643,First,1.211
Monday,7:30 PM,"{'Close to Food': 5, 'Quietness': 2, 'Natural Light': 4, 'Close to Outlet': 1, 'Working Alone': 3}",First,1.495,First,1.173,Basement,0.824,Basement,2.133
Monday,10:30 PM,"{'Close to Food': 5, 'Quietness': 2, 'Natural Light': 4, 'Close to Outlet': 1, 'Working Alone': 3}",Basement,1.15,Basement,0.836,Basement,1.185,Basement,3.067
Tuesday,10:30 AM,"{'Close to Food': 5, 'Quietness': 2, 'Natural Light': 4, 'Close to Outlet': 1, 'Working Alone': 3}",First,2.242,First,1.76,Third,1.086,First,2.596
Tuesday,1:30 PM,"{'Close to Food': 5, 'Quietness': 2, 'Natural Light': 4, 'Close to Outlet': 1, 'Working Alone': 3}",First,1.495,First,1.173,Third,0.776,Basement,2.0
Tuesday,4:30 PM,"{'Close to Food': 5, 'Quietness': 2, 'Natural Light': 4, 'Close to Outlet': 1, 'Working Alone': 3}",First,0.797,First,0.626,Basement,0.721,Basement,1.867
Tuesday,7:30 PM,"{'Close to Food': 5, 'Quietness': 2, 'Natural Light': 4, 'Close to Outlet': 1, 'Working Alone': 3}",Basement,0.9,Third,0.695,Basement,0.927,Basement,2.4
Tuesday,10:30 PM,"{'Close to Food': 5, 'Quietness': 2, 'Natural Light': 4, 'Close to Outlet': 1, 'Working Alone': 3}",First,1.644,Third,1.356,Third,1.008,Basement,2.267
Wednesday,10:30 AM,"{'Close to Food': 5, 'Quietness': 2, 'Natural Light': 4, 'Close to Outlet': 1, 'Working Alone': 3}",Third,2.268,Third,2.225,Third,1.655,Basement,3.733
Wednesday,1:30 PM,"{'Close to Food': 5, 'Quietness': 2, 'Natural Light': 4, 'Close to Outlet': 1, 'Working Alone': 3}",First,1.594,Third,1.321,Third,0.983,Basement,1.867
Wednesday,4:30 PM,"{'Close to Food': 5, 'Quietness': 2, 'Natural Light': 4, 'Close to Outlet': 1, 'Working Alone': 3}",Basement,0.85,Third,0.73,Basement,0.876,Basement,2.267
Wednesday,7:30 PM,"{'Close to Food': 5, 'Quietness': 2, 'Natural Light': 4, 'Close to Outlet': 1, 'Working Alone': 3}",Third,1.489,Third,1.46,Third,1.086,Second,1.908
Wednesday,10:30 PM,"{'Close to Food': 5, 'Quietness': 2, 'Natural Light': 4, 'Close to Outlet': 1, 'Working Alone': 3}",Third,1.56,Third,1.529,Third,1.138,Basement,2.4
Thursday,10:30 AM,"{'Close to Food': 5, 'Quietness': 2, 'Natural Light': 4, 'Close to Outlet': 1, 'Working Alone': 3}",Third,1.949,Third,1.912,Third,1.422,Basement,2.8
Thursday,1:30 PM,"{'Close to Food': 5, 'Quietness': 2, 'Natural Light': 4, 'Close to Outlet': 1, 'Working Alone': 3}",Third,1.347,Third,1.321,Third,0.983,Basement,2.0
Thursday,4:30 PM,"{'Close to Food': 5, 'Quietness': 2, 'Natural Light': 4, 'Close to Outlet': 1, 'Working Alone': 3}",Third,0.851,Third,0.834,Basement,0.876,Basement,2.267
Thursday,7:30 PM,"{'Close to Food': 5, 'Quietness': 2, 'Natural Light': 4, 'Close to Outlet': 1, 'Working Alone': 3}",First,2.541,Third,2.12,Third,1.577,First,2.942
Thursday,10:30 PM,"{'Close to Food': 5, 'Quietness': 2, 'Natural Light': 4, 'Close to Outlet': 1, 'Working Alone': 3}",Third,1.737,Third,1.703,Third,1.267,Basement,2.8
Friday,10:30 AM,"{'Close to Food': 5, 'Quietness': 2, 'Natural Light': 4, 'Close to Outlet': 1, 'Working Alone': 3}",Third,1.56,Third,1.529,Fourth,1.211,Second,2.435
Friday,1:30 PM,"{'Close to Food': 5, 'Quietness': 2, 'Natural Light': 4, 'Close to Outlet': 1, 'Working Alone': 3}",First,2.043,First,1.603,Second,1.246,Basement,2.933
Friday,4:30 PM,"{'Close to Food': 5, 'Quietness': 2, 'Natural Light': 4, 'Close to Outlet': 1, 'Working Alone': 3}",Third,1.311,Third,1.286,Fourth,1.173,Basement,2.667
Friday,7:30 PM,"{'Close to Food': 5, 'Quietness': 2, 'Natural Light': 4, 'Close to Outlet': 1, 'Working Alone': 3}",First,1.893,First,1.486,Basement,1.442,Basement,3.733
Friday,10:30 PM,"{'Close to Food': 5, 'Quietness': 2, 'Natural Light': 4, 'Close to Outlet': 1, 'Working Alone': 3}",First,2.142,First,1.682,Basement,1.545,Basement,4.0
Monday,10:30 AM,"{'Close to Food': 5, 'Quietness': 2, 'Natural Light': 4, 'Close to Outlet': 3, 'Working Alone': 1}",First,1.735,First,1.296,Basement,0.909,Basement,0.8
Monday,1:30 PM,"{'Close to Food': 5, 'Quietness': 2, 'Natural Light': 4, 'Close to Outlet': 3, 'Working Alone': 1}",First,1.608,First,1.201,Third,0.692,Basement,0.6
Monday,4:30 PM,"{'Close to Food': 5, 'Quietness': 2, 'Natural Light': 4, 'Close to Outlet': 3, 'Working Alone': 1}",First,0.889,First,0.664,Fourth,0.442,Basement,0.267
Monday,7:30 PM,"{'Close to Food': 5, 'Quietness': 2, 'Natural Light': 4, 'Close to Outlet': 3, 'Working Alone': 1}",First,1.27,First,0.948,Basement,0.606,Basement,0.533
Monday,10:30 PM,"{'Close to Food': 5, 'Quietness': 2, 'Natural Light': 4, 'Close to Outlet': 3, 'Working Alone': 1}",Basement,0.836,Basement,0.523,Basement,0.871,Basement,0.767
Tuesday,10:30 AM,"{'Close to Food': 5, 'Quietness': 2, 'Natural Light': 4, 'Close to Outlet': 3, 'Working Alone': 1}",First,1.904,First,1.422,Basement,0.72,Basement,0.633
Tuesday,1:30 PM,"{'Close to Food': 5, 'Quietness': 2, 'Natural Light': 4, 'Close to Outlet': 3, 'Working Alone': 1}",First,1.27,First,0.948,Basement,0.568,Basement,0.5
Tuesday,4:30 PM,"{'Close to Food': 5, 'Quietness': 2, 'Natural Light': 4, 'Close to Outlet': 3, 'Working Alone': 1}",First,0.677,First,0.506,Basement,0.53,Basement,0.467
Tuesday,7:30 PM,"{'Close to Food': 5, 'Quietness': 2, 'Natural Light': 4, 'Close to Outlet': 3, 'Working Alone': 1}",Basement,0.655,Third,0.5,Basement,0.682,Basement,0.6
Tuesday,10:30 PM,"{'Close to Food': 5, 'Quietness': 2, 'Natural Light': 4, 'Close to Outlet': 3, 'Working Alone': 1}",First,1.397,First,1.043,Basement,0.644,Basement,0.567
Wednesday,10:30 AM,"{'Close to Food': 5, 'Quietness': 2, 'Natural Light': 4, 'Close to Outlet': 3, 'Working Alone': 1}",Third,1.644,Third,1.6,Fourth,1.117,Basement,0.933
Wednesday,1:30 PM,"{'Close to Food': 5, 'Quietness': 2, 'Natural Light': 4, 'Close to Outlet': 3, 'Working Alone': 1}",First,1.354,First,1.011,Third,0.612,Basement,0.467
Wednesday,4:30 PM,"{'Close to Food': 5, 'Quietness': 2, 'Natural Light': 4, 'Close to Outlet': 3, 'Working Alone': 1}",First,0.719,First,0.537,Basement,0.644,Basement,0.567
Wednesday,7:30 PM,"{'Close to Food': 5, 'Quietness': 2, 'Natural Light': 4, 'Close to Outlet': 3, 'Working Alone': 1}",Third,1.079,Third,1.05,Third,0.676,Basement,0.467
Wednesday,10:30 PM,"{'Close to Food': 5, 'Quietness': 2, 'Natural Light': 4, 'Close to Outlet': 3, 'Working Alone': 1}",Third,1.13,Third,1.1,Third,0.708,Basement,0.6
Thursday,10:30 AM,"{'Close to Food': 5, 'Quietness': 2, 'Natural Light': 4, 'Close to Outlet': 3, 'Working Alone': 1}",First,1.651,Third,1.375,Third,0.885,Basement,0.7
Thursday,1:30 PM,"{'Close to Food': 5, 'Quietness': 2, 'Natural Light': 4, 'Close to Outlet': 3, 'Working Alone': 1}",Third,0.976,Third,0.95,Third,0.612,Basement,0.5
Thursday,4:30 PM,"{'Close to Food': 5, 'Quietness': 2, 'Natural Light': 4, 'Close to Outlet': 3, 'Working Alone': 1}",Basement,0.618,Third,0.6,Basement,0.644,Basement,0.567
Thursday,7:30 PM,"{'Close to Food': 5, 'Quietness': 2, 'Natural Light': 4, 'Close to Outlet': 3, 'Working Alone': 1}",First,2.158,First,1.612,Third,0.982,Basement,0.567
Thursday,10:30 PM,"{'Close to Food': 5, 'Quietness': 2, 'Natural Light': 4, 'Close to Outlet': 3, 'Working Alone': 1}",First,1.27,Third,1.225,Basement,0.795,Basement,0.7
Friday,10:30 AM,"{'Close to Food': 5, 'Quietness': 2, 'Natural Light': 4, 'Close to Outlet': 3, 'Working Alone': 1}",Third,1.13,Third,1.1,Fourth,0.832,Basement,0.6
Friday,1:30 PM,"{'Close to Food': 5, 'Quietness': 2, 'Natural Light': 4, 'Close to Outlet': 3, 'Working Alone': 1}",First,1.735,First,1.296,Second,0.861,Basement,0.733
Friday,4:30 PM,"{'Close to Food': 5, 'Quietness': 2, 'Natural Light': 4, 'Close to Outlet': 3, 'Working Alone': 1}",Third,0.95,Third,0.925,Fourth,0.806,Basement,0.667
Friday,7:30 PM,"{'Close to Food': 5, 'Quietness': 2, 'Natural Light': 4, 'Close to Outlet': 3, 'Working Alone': 1}",First,1.608,First,1.201,Basement,1.061,Basement,0.933
Friday,10:30 PM,"{'Close to Food': 5, 'Quietness': 2, 'Natural Light': 4, 'Close to Outlet': 3, 'Working Alone': 1}",First,1.82,First,1.359,Basement,1.136,Basement,1.0
Monday,10:30 AM,"{'Close to Food': 5, 'Quietness': 3, 'Natural Light': 4, 'Close to Outlet': 1, 'Working Alone': 2}",First,2.043,Third,1.773,Third,1.319,Basement,3.309
Monday,1:30 PM,"{'Close to Food': 5, 'Quietness': 3, 'Natural Light': 4, 'Close to Outlet': 1, 'Working Alone': 2}",First,1.893,Third,1.495,Third,1.112,Basement,2.482
Monday,4:30 PM,"{'Close to Food': 5, 'Quietness': 3, 'Natural Light': 4, 'Close to Outlet': 1, 'Working Alone': 2}",First,1.046,First,0.821,Fourth,0.643,First,1.256
Monday,7:30 PM,"{'Close to Food': 5, 'Quietness': 3, 'Natural Light': 4, 'Close to Outlet': 1, 'Working Alone': 2}",First,1.495,First,1.173,Basement,0.824,Basement,2.206
Monday,10:30 PM,"{'Close to Food': 5, 'Quietness': 3, 'Natural Light': 4, 'Close to Outlet': 1, 'Working Alone': 2}",Basement,1.15,Basement,0.836,Basement,1.185,Basement,3.171
Tuesday,10:30 AM,"{'Close to Food': 5, 'Quietness': 3, 'Natural Light': 4, 'Close to Outlet': 1, 'Working Alone': 2}",First,2.242,First,1.76,Third,1.086,First,2.692
Tuesday,1:30 PM,"{'Close to Food': 5, 'Quietness': 3, 'Natural Light': 4, 'Close to Outlet': 1, 'Working Alone': 2}",First,1.495,First,1.173,Third,0.776,Basement,2.068
Tuesday,4:30 PM,"{'Close to Food': 5, 'Quietness': 3, 'Natural Light': 4, 'Close to Outlet': 1, 'Working Alone': 2}",First,0.797,First,0.626,Basement,0.721,Basement,1.93
Tuesday,7:30 PM,"{'Close to Food': 5, 'Quietness': 3, 'Natural Light': 4, 'Close to Outlet': 1, 'Working Alone': 2}",Basement,0.9,Third,0.695,Basement,0.927,Basement,2.482
Tuesday,10:30 PM,"{'Close to Food': 5, 'Quietness': 3, 'Natural Light': 4, 'Close to Outlet': 1, 'Working Alone': 2}",First,1.644,Third,1.356,Third,1.008,Basement,2.344
Wednesday,10:30 AM,"{'Close to Food': 5, 'Quietness': 3, 'Natural Light': 4, 'Close to Outlet': 1, 'Working Alone': 2}",Third,2.268,Third,2.225,Third,1.655,Basement,3.861
Wednesday,1:30 PM,"{'Close to Food': 5, 'Quietness': 3, 'Natural Light': 4, 'Close to Outlet': 1, 'Working Alone': 2}",First,1.594,Third,1.321,Third,0.983,Basement,1.93
Wednesday,4:30 PM,"{'Close to Food': 5, 'Quietness': 3, 'Natural Light': 4, 'Close to Outlet': 1, 'Working Alone': 2}",Basement,0.85,Third,0.73,Basement,0.876,Basement,2.344
Wednesday,7:30 PM,"{'Close to Food': 5, 'Quietness': 3, 'Natural Light': 4, 'Close to Outlet': 1, 'Working Alone': 2}",Third,1.489,Third,1.46,Third,1.086,Basement,1.93
Wednesday,10:30 PM,"{'Close to Food': 5, 'Quietness': 3, 'Natural Light': 4, 'Close to Outlet': 1, 'Working Alone': 2}",Third,1.56,Third,1.529,Third,1.138,Basement,2.482
Thursday,10:30 AM,"{'Close to Food': 5, 'Quietness': 3, 'Natural Light': 4, 'Close to Outlet': 1, 'Working Alone': 2}",Third,1.949,Third,1.912,Third,1.422,Basement,2.895
Thursday,1:30 PM,"{'Close to Food': 5, 'Quietness': 3, 'Natural Light': 4, 'Close to Outlet': 1, 'Working Alone': 2}",Third,1.347,Third,1.321,Third,0.983,Basement,2.068
Thursday,4:30 PM,"{'Close to Food': 5, 'Quietness': 3, 'Natural Light': 4, 'Close to Outlet': 1, 'Working Alone': 2}",Third,0.851,Third,0.834,Basement,0.876,Basement,2.344
Thursday,7:30 PM,"{'Close to Food': 5, 'Quietness': 3, 'Natural Light': 4, 'Close to Outlet': 1, 'Working Alone': 2}",First,2.541,Third,2.12,Third,1.577,First,3.051
Thursday,10:30 PM,"{'Close to Food': 5, 'Quietness': 3, 'Natural Light': 4, 'Close to Outlet': 1, 'Working Alone': 2}",Third,1.737,Third,1.703,Third,1.267,Basement,2.895
Friday,10:30 AM,"{'Close to Food': 5, 'Quietness': 3, 'Natural Light': 4, 'Close to Outlet': 1, 'Working Alone': 2}",Third,1.56,Third,1.529,Fourth,1.211,Basement,2.482
Friday,1:30 PM,"{'Close to Food': 5, 'Quietness': 3, 'Natural Light': 4, 'Close to Outlet': 1, 'Working Alone': 2}",First,2.043,First,1.603,Second,1.246,Basement,3.033
Friday,4:30 PM,"{'Close to Food': 5, 'Quietness': 3, 'Natural Light': 4, 'Close to Outlet': 1, 'Working Alone': 2}",Third,1.311,Third,1.286,Fourth,1.173,Basement,2.758
Friday,7:30 PM,"{'Close to Food': 5, 'Quietness': 3, 'Natural Light': 4, 'Close to Outlet': 1, 'Working Alone': 2}",First,1.893,First,1.486,Basement,1.442,Basement,3.861
Friday,10:30 PM,"{'Close to Food': 5, 'Quietness': 3, 'Natural Light': 4, 'Close to Outlet': 1, 'Working Alone': 2}",First,2.142,First,1.682,Basement,1.545,Basement,4.136
Monday,10:30 AM,"{'Close to Food': 5, 'Quietness': 3, 'Natural Light': 4, 'Close to Outlet': 2, 'Working Alone': 1}",First,1.889,Third,1.524,Basement,1.073,Basement,3.145
Monday,1:30 PM,"{'Close to Food': 5, 'Quietness': 3, 'Natural Light': 4, 'Close to Outlet': 2, 'Working Alone': 1}",First,1.751,First,1.344,Third,0.902,Basement,2.359
Monday,4:30 PM,"{'Close to Food': 5, 'Quietness': 3, 'Natural Light': 4, 'Close to Outlet': 2, 'Working Alone': 1}",First,0.967,First,0.742,Fourth,0.542,First,1.177
Monday,7:30 PM,"{'Close to Food': 5, 'Quietness': 3, 'Natural Light': 4, 'Close to Outlet': 2, 'Working Alone': 1}",First,1.382,First,1.061,Basement,0.715,Basement,2.097
Monday,10:30 PM,"{'Close to Food': 5, 'Quietness': 3, 'Natural Light': 4, 'Close to Outlet': 2, 'Working Alone': 1}",Basement,0.993,Basement,0.68,Basement,1.028,Basement,3.014
Tuesday,10:30 AM,"{'Close to Food': 5, 'Quietness': 3, 'Natural Light': 4, 'Close to Outlet': 2, 'Working Alone': 1}",First,2.073,First,1.591,Third,0.881,First,2.523
Tuesday,1:30 PM,"{'Close to Food': 5, 'Quietness': 3, 'Natural Light': 4, 'Close to Outlet': 2, 'Working Alone': 1}",First,1.382,First,1.061,Basement,0.67,Basement,1.966
Tuesday,4:30 PM,"{'Close to Food': 5, 'Quietness': 3, 'Natural Light': 4, 'Close to Outlet': 2, 'Working Alone': 1}",First,0.737,First,0.566,Basement,0.626,Basement,1.835
Tuesday,7:30 PM,"{'Close to Food': 5, 'Quietness': 3, 'Natural Light': 4, 'Close to Outlet': 2, 'Working Alone': 1}",Basement,0.777,Third,0.598,Basement,0.805,Basement,2.359
Tuesday,10:30 PM,"{'Close to Food': 5, 'Quietness': 3, 'Natural Light': 4, 'Close to Outlet': 2, 'Working Alone': 1}",First,1.52,First,1.167,Third,0.818,Basement,2.228
Wednesday,10:30 AM,"{'Close to Food': 5, 'Quietness': 3, 'Natural Light': 4, 'Close to Outlet': 2, 'Working Alone': 1}",Third,1.956,Third,1.912,Fourth,1.372,Basement,3.67
Wednesday,1:30 PM,"{'Close to Food': 5, 'Quietness': 3, 'Natural Light': 4, 'Close to Outlet': 2, 'Working Alone': 1}",First,1.474,Third,1.135,Third,0.797,Basement,1.835
Wednesday,4:30 PM,"{'Close to Food': 5, 'Quietness': 3, 'Natural Light': 4, 'Close to Outlet': 2, 'Working Alone': 1}",First,0.783,Third,0.627,Basement,0.76,Basement,2.228
Wednesday,7:30 PM,"{'Close to Food': 5, 'Quietness': 3, 'Natural Light': 4, 'Close to Outlet': 2, 'Working Alone': 1}",Third,1.284,Third,1.255,Third,0.881,Basement,1.835
Wednesday,10:30 PM,"{'Close to Food': 5, 'Quietness': 3, 'Natural Light': 4, 'Close to Outlet': 2, 'Working Alone': 1}",Third,1.345,Third,1.315,Third,0.923,Basement,2.359
Thursday,10:30 AM,"{'Close to Food': 5, 'Quietness': 3, 'Natural Light': 4, 'Close to Outlet': 2, 'Working Alone': 1}",First,1.797,Third,1.643,Third,1.154,Basement,2.752
Thursday,1:30 PM,"{'Close to Food': 5, 'Quietness': 3, 'Natural Light': 4, 'Close to Outlet': 2, 'Working Alone': 1}",Third,1.161,Third,1.135,Third,0.797,Basement,1.966
Thursday,4:30 PM,"{'Close to Food': 5, 'Quietness': 3, 'Natural Light': 4, 'Close to Outlet': 2, 'Working Alone': 1}",Basement,0.734,Third,0.717,Basement,0.76,Basement,2.228
Thursday,7:30 PM,"{'Close to Food': 5, 'Quietness': 3, 'Natural Light': 4, 'Close to Outlet': 2, 'Working Alone': 1}",First,2.35,Third,1.823,Third,1.28,First,2.86
Thursday,10:30 PM,"{'Close to Food': 5, 'Quietness': 3, 'Natural Light': 4, 'Close to Outlet': 2, 'Working Alone': 1}",Third,1.498,Third,1.464,Third,1.028,Basement,2.752
Friday,10:30 AM,"{'Close to Food': 5, 'Quietness': 3, 'Natural Light': 4, 'Close to Outlet': 2, 'Working Alone': 1}",Third,1.345,Third,1.315,Fourth,1.021,Basement,2.359
Friday,1:30 PM,"{'Close to Food': 5, 'Quietness': 3, 'Natural Light': 4, 'Close to Outlet': 2, 'Working Alone': 1}",First,1.889,First,1.45,Second,1.053,Basement,2.883
Friday,4:30 PM,"{'Close to Food': 5, 'Quietness': 3, 'Natural Light': 4, 'Close to Outlet': 2, 'Working Alone': 1}",Third,1.131,Third,1.106,Fourth,0.989,Basement,2.621
Friday,7:30 PM,"{'Close to Food': 5, 'Quietness': 3, 'Natural Light': 4, 'Close to Outlet': 2, 'Working Alone': 1}",First,1.751,First,1.344,Basement,1.252,Basement,3.67
Friday,10:30 PM,"{'Close to Food': 5, 'Quietness': 3, 'Natural Light': 4, 'Close to Outlet': 2, 'Working Alone': 1}",First,1.981,First,1.52,Basement,1.341,Basement,3.932